INSERT INTO CUSTOMER(uuid,firstname,lastname,email,contact_number,password,salt) VALUES('7d174a25-ba31-45a8-85b4-b06ffc9d5f8f','Upgrad','SDE','sde@upgrad.com','1111111111','95070049B59AFCD5A10135A810B10BBA9FC010028AA64C6574DDE85F6DC6008D','asdfrtgyhdfrrfbfg5ef45r34f4t');

INSERT INTO STATE(uuid,state_name) VALUES('aa174a25-ba31-45a8-85b4-b06ffc9d5f8f','К. Маркса 40');
INSERT INTO STATE(uuid,state_name) VALUES('c5c58cc3-3f30-4244-86db-ff4bfd2ea50b','Газеты Правды пр. 11');
INSERT INTO STATE(uuid,state_name) VALUES('8c174b25-bb31-56a8-88b4-d06ffc9d5f89','Гикало 3');
INSERT INTO STATE(uuid,state_name) VALUES('9c174b25-cb31-66a8-98b4-d06ffc9d5f9f','Революционная 26');
INSERT INTO STATE(uuid,state_name) VALUES('f114b346-a237-11e8-9077-720006ceb890','1-й Загородный пер 3');
INSERT INTO STATE(uuid,state_name) VALUES('24614e76-a238-11e8-9077-720006ceb890','Парниковая 50');
INSERT INTO STATE(uuid,state_name) VALUES('24615498-a238-11e8-9077-720006ceb890','Короля 9');
INSERT INTO STATE(uuid,state_name) VALUES('2461589e-a238-11e8-9077-720006ceb890','Лобанка 77');
INSERT INTO STATE(uuid,state_name) VALUES('00ae33e8-a235-11e8-9077-720006ceb890','Джержинского пр 57');
INSERT INTO STATE(uuid,state_name) VALUES('24615c0e-a238-11e8-9077-720006ceb890','Немиги 28');
INSERT INTO STATE(uuid,state_name) VALUES('24615f4c-a238-11e8-9077-720006ceb890','Победителей пр 21');
INSERT INTO STATE(uuid,state_name) VALUES('246162a8-a238-11e8-9077-720006ceb890','Мясникова 34');
INSERT INTO STATE(uuid,state_name) VALUES('246165d2-a238-11e8-9077-720006ceb890','Минская обл. Молодеченский р-н');
INSERT INTO STATE(uuid,state_name) VALUES('2461973c-a238-11e8-9077-720006ceb890','А. Пашкевича 5');
INSERT INTO STATE(uuid,state_name) VALUES('359f7e8a-a23b-11e8-9077-720006ceb890','Советская 17');
INSERT INTO STATE(uuid,state_name) VALUES('5485e5b4-a23b-11e8-9077-720006ceb890','Мясникова 7 эт1');
INSERT INTO STATE(uuid,state_name) VALUES('5485eb18-a23b-11e8-9077-720006ceb890','Раубичи');
INSERT INTO STATE(uuid,state_name) VALUES('3097b8f4-a294-11e8-9a3a-720006ceb890','Червякова 23');
INSERT INTO STATE(uuid,state_name) VALUES('9df46816-a294-11e8-9a3a-720006ceb890','Витебская 10');
INSERT INTO STATE(uuid,state_name) VALUES('1dd86f90-a296-11e8-9a3a-720006ceb890','Кальварийская ');
INSERT INTO STATE(uuid,state_name) VALUES('c860e78a-a29b-11e8-9a3a-720006ceb890','Толстого 10');
INSERT INTO STATE(uuid,state_name) VALUES('19a4b6b2-a29c-11e8-9a3a-720006ceb890','Победителей');
INSERT INTO STATE(uuid,state_name) VALUES('bb174a25-ba31-45a8-85b4-b06ffc9d5f8f','Независимости 89');
INSERT INTO STATE(uuid,state_name) VALUES('7c174b25-bb31-46a8-87b4-c06ffc9d5f8f','М. Богдановича 15');
INSERT INTO STATE(uuid,state_name) VALUES('ee174a25-ba31-45a8-85b4-b06ffc9d5f8f','Независимости 11');
INSERT INTO STATE(uuid,state_name) VALUES('9d174b25-cb31-66a8-98b4-d06ffc9d5f9f','Победителей 114');
INSERT INTO STATE(uuid,state_name) VALUES('9e174b25-cb31-66a8-98b4-d06ffc9d5f9f','Пономаренко 35а');
INSERT INTO STATE(uuid,state_name) VALUES('9f174b25-cb31-66a8-98b4-d06ffc9d5f9f','Кульман 40');
INSERT INTO STATE(uuid,state_name) VALUES('64a087d1-3232-4e17-b715-5d4e94f7f536','Кальварийская 1');
INSERT INTO STATE(uuid,state_name) VALUES('1e623f93-3095-4ea4-97e3-5ff5c2a7cad0','Победителей ');
INSERT INTO STATE(uuid,state_name) VALUES('3ce0cc8b-2a77-4125-b521-418a82428a77','Партизанский пр 2/1');
INSERT INTO STATE(uuid,state_name) VALUES('9f7be9a1-30ad-4c93-b5ca-615606bc9690','Л.Украинки');
INSERT INTO STATE(uuid,state_name) VALUES('462b90b8-2a9c-47ec-9a03-e492c201c828','Кирилла и Мефодия ул');
INSERT INTO STATE(uuid,state_name) VALUES('7d174a25-ba31-45a8-85b4-b06ffc9d5f8f','Машерова пр 25');
INSERT INTO STATE(uuid,state_name) VALUES('6c84c29a-3a79-4a60-adad-d1cf9fb44575','Маяковского');
INSERT INTO STATE(uuid,state_name) VALUES('009ae262-a234-11e8-b475-720006ceb890','Кальварийская 1');

INSERT INTO ADDRESS(uuid,flat_buil_number,locality,city,pincode,state_id) VALUES('7d174a25-ba31-45a8-85b4-b06ffc9d5f8f','Первомайская 54','Byculla','Минск','400018',21);
INSERT INTO ADDRESS(uuid,flat_buil_number,locality,city,pincode,state_id) VALUES('6c84c29a-3a79-4a60-adad-d1cf9fb44575','Сурганова 7','Ddd','Минск','400011',21);
INSERT INTO ADDRESS(uuid,flat_buil_number,locality,city,pincode,state_id) VALUES('7c174b25-bb31-46a8-87b4-c06ffc9d5f8f','Астрашицкая 85','Bandra Kurla Complex','Минск','400112',21);
INSERT INTO ADDRESS(uuid,flat_buil_number,locality,city,pincode,state_id) VALUES('8c174b25-bb31-56a8-88b4-d06ffc9d5f89','Фогеля 11','Khar','Минск','400052',21);
INSERT INTO ADDRESS(uuid,flat_buil_number,locality,city,pincode,state_id) VALUES('9c174b25-cb31-66a8-98b4-d06ffc9d5f9f','Мясникова 23','Chembur','Минск','400092',21);
INSERT INTO ADDRESS(uuid,flat_buil_number,locality,city,pincode,state_id) VALUES('f114b346-a237-11e8-9077-720006ceb890','Кальварийская 96','In vino','Минск','400102',21);
INSERT INTO ADDRESS(uuid,flat_buil_number,locality,city,pincode,state_id) VALUES('24614e76-a238-11e8-9077-720006ceb890','Немига 3','Churchile','Минск','400072',21);
INSERT INTO ADDRESS(uuid,flat_buil_number,locality,city,pincode,state_id) VALUES('24615498-a238-11e8-9077-720006ceb890','Победителей 45','Khar','Mumbai','400058',21);
INSERT INTO ADDRESS(uuid,flat_buil_number,locality,city,pincode,state_id) VALUES('2461589e-a238-11e8-9077-720006ceb890','Независимости 8','Steak&wineClub','Минск','400018',21);
INSERT INTO ADDRESS(uuid,flat_buil_number,locality,city,pincode,state_id) VALUES('24615c0e-a238-11e8-9077-720006ceb890','Коммунистическая 9','Пармезан','Гомель','560071',17);
INSERT INTO ADDRESS(uuid,flat_buil_number,locality,city,pincode,state_id) VALUES('24615f4c-a238-11e8-9077-720006ceb890','Октябрьская 36 ','Фаберже','Могилев','500033',32);
INSERT INTO ADDRESS(uuid,flat_buil_number,locality,city,pincode,state_id) VALUES('246162a8-a238-11e8-9077-720006ceb890','Партизанский 78','Ван гог','Могилев','560100',17);


INSERT INTO RESTAURANT(uuid,restaurant_name,photo_url,customer_rating,average_price_for_two,number_of_customers_rated,address_id) VALUES('246165d2-a238-11e8-9077-720006ceb890','Gateway Taproom','https://b.zmtcdn.com/data/pictures/0/18564740/686000d2b5cfebfad3300f313eaae79c.jpg?output-format=webp',4.70,2200,714,3);
INSERT INTO RESTAURANT(uuid,restaurant_name,photo_url,customer_rating,average_price_for_two,number_of_customers_rated,address_id) VALUES('2461973c-a238-11e8-9077-720006ceb890','Lion Heart','https://b.zmtcdn.com/data/res_imagery/18432402_RESTAURANT_f755bf0b6a6ee7aca44d7ddffd464b7e.jpg',4.50,1200,562,1);
INSERT INTO RESTAURANT(uuid,restaurant_name,photo_url,customer_rating,average_price_for_two,number_of_customers_rated,address_id) VALUES('359f7e8a-a23b-11e8-9077-720006ceb890','Rikē - Terrace Bar & Grill','https://b.zmtcdn.com/data/pictures/0/18600990/249d197cb4d6537d5560d0a74c9fa4ce.jpg',4.20,1800,2002,2);
INSERT INTO RESTAURANT(uuid,restaurant_name,photo_url,customer_rating,average_price_for_two,number_of_customers_rated,address_id) VALUES('5485e5b4-a23b-11e8-9077-720006ceb890','Raasta','https://b.zmtcdn.com/data/res_imagery/18354546_RESTAURANT_c7eaf3dcf52bc4034e59767f01a73472.jpg',3.60,1500,2848,4);
INSERT INTO RESTAURANT(uuid,restaurant_name,photo_url,customer_rating,average_price_for_two,number_of_customers_rated,address_id) VALUES('5485eb18-a23b-11e8-9077-720006ceb890','Splitsvilla Bar & Lounge','https://b.zmtcdn.com/data/pictures/9/18634739/6d62975f9bb88caec207ef0c1f570f81.jpg?output-format=webp',4.00,1000,848,5);
INSERT INTO RESTAURANT(uuid,restaurant_name,photo_url,customer_rating,average_price_for_two,number_of_customers_rated,address_id) VALUES('3097b8f4-a294-11e8-9a3a-720006ceb890','Loud Silence','https://b.zmtcdn.com/data/reviews_photos/94a/be67cc20a6ab663f95330e5af6afb94a_1521359398.jpg',4.40,600,658,6);
INSERT INTO RESTAURANT(uuid,restaurant_name,photo_url,customer_rating,average_price_for_two,number_of_customers_rated,address_id) VALUES('9df46816-a294-11e8-9a3a-720006ceb890','Oozo','https://b.zmtcdn.com/data/pictures/4/18528394/6c3590212b3700b1b160422fd8478287.jpg?output-format=webp',3.20,2500,298,7);
INSERT INTO RESTAURANT(uuid,restaurant_name,photo_url,customer_rating,average_price_for_two,number_of_customers_rated,address_id) VALUES('1dd86f90-a296-11e8-9a3a-720006ceb890','3 Wise Monkeys','https://b.zmtcdn.com/data/res_imagery/42597_RESTAURANT_obp1.jpg',4.90,1100,28,8);


INSERT INTO ITEM(uuid,item_name,price,type) VALUES('c860e78a-a29b-11e8-9a3a-720006ceb890','пицца',200,'1');
INSERT INTO ITEM(uuid,item_name,price,type) VALUES('19a4b6b2-a29c-11e8-9a3a-720006ceb890','пицца',300,'0');
INSERT INTO ITEM(uuid,item_name,price,type) VALUES('7d174a25-ba31-45a8-85b4-b06ffc9d5f8f','кабаб',300,'1');
INSERT INTO ITEM(uuid,item_name,price,type) VALUES('6c84c29a-3a79-4a60-adad-d1cf9fb44575','чапатти',20,'0');
INSERT INTO ITEM(uuid,item_name,price,type) VALUES('7c174b25-bb31-46a8-87b4-c06ffc9d5f8f','чикенбургер',100,'1');
INSERT INTO ITEM(uuid,item_name,price,type) VALUES('8c174b25-bb31-56a8-88b4-d06ffc9d5f89','чай',20,'0');
INSERT INTO ITEM(uuid,item_name,price,type) VALUES('9c174b25-cb31-66a8-98b4-d06ffc9d5f9f','кофе',50,'0');
INSERT INTO ITEM(uuid,item_name,price,type) VALUES('f114b346-a237-11e8-9077-720006ceb890','горячий шоколад',250,'0');
INSERT INTO ITEM(uuid,item_name,price,type) VALUES('24614e76-a238-11e8-9077-720006ceb890','ванильное мороженое',230,'0');
INSERT INTO ITEM(uuid,item_name,price,type) VALUES('24615498-a238-11e8-9077-720006ceb890','шоколадное мороженое',240,'0');
INSERT INTO ITEM(uuid,item_name,price,type) VALUES('2461589e-a238-11e8-9077-720006ceb890','кола',100,'0');
INSERT INTO ITEM(uuid,item_name,price,type) VALUES('24615c0e-a238-11e8-9077-720006ceb890','пирожное',100,'0');
INSERT INTO ITEM(uuid,item_name,price,type) VALUES('24615f4c-a238-11e8-9077-720006ceb890','пастри',210,'0');
INSERT INTO ITEM(uuid,item_name,price,type) VALUES('246162a8-a238-11e8-9077-720006ceb890','паста',270,'0');
INSERT INTO ITEM(uuid,item_name,price,type) VALUES('246165d2-a238-11e8-9077-720006ceb890','макароны',130,'0');
INSERT INTO ITEM(uuid,item_name,price,type) VALUES('2461973c-a238-11e8-9077-720006ceb890','кола',190,'0');
INSERT INTO ITEM(uuid,item_name,price,type) VALUES('359f7e8a-a23b-11e8-9077-720006ceb890','наан',30,'0');
INSERT INTO ITEM(uuid,item_name,price,type) VALUES('5485e5b4-a23b-11e8-9077-720006ceb890','острая курица',300,'1');
INSERT INTO ITEM(uuid,item_name,price,type) VALUES('5485eb18-a23b-11e8-9077-720006ceb890','кола',40,'0');
INSERT INTO ITEM(uuid,item_name,price,type) VALUES('3097b8f4-a294-11e8-9a3a-720006ceb890','парата',500,'1');
INSERT INTO ITEM(uuid,item_name,price,type) VALUES('9df46816-a294-11e8-9a3a-720006ceb890','матар панир',270,'0');
INSERT INTO ITEM(uuid,item_name,price,type) VALUES('1dd86f90-a296-11e8-9a3a-720006ceb890','чили панир',280,'0');
INSERT INTO ITEM(uuid,item_name,price,type) VALUES('00ae33e8-a235-11e8-9077-720006ceb890','батер панир',190,'0');
INSERT INTO ITEM(uuid,item_name,price,type) VALUES('066e720c-a235-11e8-9077-720006ceb890','хол батур',180,'0');
INSERT INTO ITEM(uuid,item_name,price,type) VALUES('0c364cd2-a235-11e8-9077-720006ceb890','чили чоумайн',210,'1');
INSERT INTO ITEM(uuid,item_name,price,type) VALUES('52974be0-a235-11e8-9077-720006ceb890','хака нудлс',204,'1');
INSERT INTO ITEM(uuid,item_name,price,type) VALUES('52974690-a235-11e8-9077-720006ceb890','жареный рис',206,'0');
INSERT INTO ITEM(uuid,item_name,price,type) VALUES('52975022-a235-11e8-9077-720006ceb890','рис и курица',209,'1');
INSERT INTO ITEM(uuid,item_name,price,type) VALUES('8d71c3b8-a293-11e8-9a3a-720006ceb890','грибы биряни',203,'0');
INSERT INTO ITEM(uuid,item_name,price,type) VALUES('65444278-a29b-11e8-9a3a-720006ceb890','курица биряни',245,'1');
INSERT INTO ITEM(uuid,item_name,price,type) VALUES('19f35c78-a2a0-11e8-9a3a-720006ceb890','паста',270,'0');
INSERT INTO ITEM(uuid,item_name,price,type) VALUES('643d8d80-a2a0-11e8-9a3a-720006ceb890','3 куриных крыла',250,'1');
INSERT INTO ITEM(uuid,item_name,price,type) VALUES('d088f038-a2a0-11e8-9a3a-720006ceb890','чикенрол',150,'1');
INSERT INTO ITEM(uuid,item_name,price,type) VALUES('16ddc57c-a2a1-11e8-9a3a-720006ceb890','острые оливки',300,'0');
INSERT INTO ITEM(uuid,item_name,price,type) VALUES('5d49d32e-a2a2-11e8-9a3a-720006ceb890','дризлы',140,'0');
INSERT INTO ITEM(uuid,item_name,price,type) VALUES('7281988a-a2a2-11e8-9a3a-720006ceb890','красный перец дрил',50,'0');
INSERT INTO ITEM(uuid,item_name,price,type) VALUES('7e967dac-a2a2-11e8-9a3a-720006ceb890','кукуруза',270,'0');
INSERT INTO ITEM(uuid,item_name,price,type) VALUES('9d174b25-cb31-66a8-98b4-d06ffc9d5f9f','Пери-пери чикен',280,'1');
INSERT INTO ITEM(uuid,item_name,price,type) VALUES('9e174b25-cb31-66a8-98b4-d06ffc9d5f9f','винг роулетт',190,'1');
INSERT INTO ITEM(uuid,item_name,price,type) VALUES('9f174b25-cb31-66a8-98b4-d06ffc9d5f9f','куриная бабочка',180,'1');
INSERT INTO ITEM(uuid,item_name,price,type) VALUES('64a087d1-3232-4e17-b715-5d4e94f7f536','эспетада',210,'1');
INSERT INTO ITEM(uuid,item_name,price,type) VALUES('1e623f93-3095-4ea4-97e3-5ff5c2a7cad0','эспетада карнавал',204,'1');
INSERT INTO ITEM(uuid,item_name,price,type) VALUES('3ce0cc8b-2a77-4125-b521-418a82428a77','острый рис',206,'0');
INSERT INTO ITEM(uuid,item_name,price,type) VALUES('9f7be9a1-30ad-4c93-b5ca-615606bc9690','жареные куриные тендеры',209,'1');
INSERT INTO ITEM(uuid,item_name,price,type) VALUES('462b90b8-2a9c-47ec-9a03-e492c201c828','гриль 0',203,'0');
INSERT INTO ITEM(uuid,item_name,price,type) VALUES('49078b7e-cd69-4882-b574-34e30076c4ed','португальский салат',245,'0');
INSERT INTO ITEM(uuid,item_name,price,type) VALUES('2ddf1900-ecd0-11e8-8eb2-f2801f1b9fd1','медитеранис салат',245,'0');
INSERT INTO ITEM(uuid,item_name,price,type) VALUES('2ddf1ba8-ecd0-11e8-8eb2-f2801f1b9fd1','салат цезарь',245,'0');
INSERT INTO ITEM(uuid,item_name,price,type) VALUES('2ddf1cf2-ecd0-11e8-8eb2-f2801f1b9fd1','катаплана алгарв',245,'0');
INSERT INTO ITEM(uuid,item_name,price,type) VALUES('2ddf1e1e-ecd0-11e8-8eb2-f2801f1b9fd1','чикен врэп',245,'1');
INSERT INTO ITEM(uuid,item_name,price,type) VALUES('2ddf1f4a-ecd0-11e8-8eb2-f2801f1b9fd1','гарлик хлеб',270,'0');
INSERT INTO ITEM(uuid,item_name,price,type) VALUES('2ddf230a-ecd0-11e8-8eb2-f2801f1b9fd1','пицца',200,'1');
INSERT INTO ITEM(uuid,item_name,price,type) VALUES('2ddf2454-ecd0-11e8-8eb2-f2801f1b9fd1','пицца',300,'0');
INSERT INTO ITEM(uuid,item_name,price,type) VALUES('2ddf2576-ecd0-11e8-8eb2-f2801f1b9fd1','кабаб',300,'1');
INSERT INTO ITEM(uuid,item_name,price,type) VALUES('2ddf26a2-ecd0-11e8-8eb2-f2801f1b9fd1','чапатти',20,'0');
INSERT INTO ITEM(uuid,item_name,price,type) VALUES('2ddf27ce-ecd0-11e8-8eb2-f2801f1b9fd1','чикенбургер',100,'1');
INSERT INTO ITEM(uuid,item_name,price,type) VALUES('2ddf2904-ecd0-11e8-8eb2-f2801f1b9fd1','чай',20,'0');
INSERT INTO ITEM(uuid,item_name,price,type) VALUES('2ddf2cec-ecd0-11e8-8eb2-f2801f1b9fd1','кофе',50,'0');
INSERT INTO ITEM(uuid,item_name,price,type) VALUES('2ddf2e2c-ecd0-11e8-8eb2-f2801f1b9fd1','горячий шоколад',250,'0');
INSERT INTO ITEM(uuid,item_name,price,type) VALUES('2ddf2f4e-ecd0-11e8-8eb2-f2801f1b9fd1','ванильное мороженое',230,'0');
INSERT INTO ITEM(uuid,item_name,price,type) VALUES('2ddf307a-ecd0-11e8-8eb2-f2801f1b9fd1','шоколадное морожное',240,'0');
INSERT INTO ITEM(uuid,item_name,price,type) VALUES('2ddf31a6-ecd0-11e8-8eb2-f2801f1b9fd1','кола',100,'0');
INSERT INTO ITEM(uuid,item_name,price,type) VALUES('2ddf32c8-ecd0-11e8-8eb2-f2801f1b9fd1','пирожное',100,'0');
INSERT INTO ITEM(uuid,item_name,price,type) VALUES('2ddf36f6-ecd0-11e8-8eb2-f2801f1b9fd1','пастри',210,'0');
INSERT INTO ITEM(uuid,item_name,price,type) VALUES('2ddf3868-ecd0-11e8-8eb2-f2801f1b9fd1','паста',270,'0');
INSERT INTO ITEM(uuid,item_name,price,type) VALUES('2ddf3994-ecd0-11e8-8eb2-f2801f1b9fd1','макароны',130,'0');
INSERT INTO ITEM(uuid,item_name,price,type) VALUES('2ddf3ab6-ecd0-11e8-8eb2-f2801f1b9fd1','кола',190,'0');
INSERT INTO ITEM(uuid,item_name,price,type) VALUES('2ddf3be2-ecd0-11e8-8eb2-f2801f1b9fd1','наан',30,'0');
INSERT INTO ITEM(uuid,item_name,price,type) VALUES('2ddf3d04-ecd0-11e8-8eb2-f2801f1b9fd1','острая курица',300,'1');
INSERT INTO ITEM(uuid,item_name,price,type) VALUES('2ddf4060-ecd0-11e8-8eb2-f2801f1b9fd1','кола',40,'0');
INSERT INTO ITEM(uuid,item_name,price,type) VALUES('2ddf41aa-ecd0-11e8-8eb2-f2801f1b9fd1','парата',500,'1');
INSERT INTO ITEM(uuid,item_name,price,type) VALUES('2ddf42d6-ecd0-11e8-8eb2-f2801f1b9fd1','матар панир',270,'0');
INSERT INTO ITEM(uuid,item_name,price,type) VALUES('2ddf43ee-ecd0-11e8-8eb2-f2801f1b9fd1','острая панир',280,'0');
INSERT INTO ITEM(uuid,item_name,price,type) VALUES('2ddf4524-ecd0-11e8-8eb2-f2801f1b9fd1','батер панир',190,'0');
INSERT INTO ITEM(uuid,item_name,price,type) VALUES('2ddf4646-ecd0-11e8-8eb2-f2801f1b9fd1','чол батуре',180,'0');
INSERT INTO ITEM(uuid,item_name,price,type) VALUES('2ddf4768-ecd0-11e8-8eb2-f2801f1b9fd1','чили чоумайн',210,'1');
INSERT INTO ITEM(uuid,item_name,price,type) VALUES('2ddf4ace-ecd0-11e8-8eb2-f2801f1b9fd1','хака нудлс',204,'1');
INSERT INTO ITEM(uuid,item_name,price,type) VALUES('2ddf4c18-ecd0-11e8-8eb2-f2801f1b9fd1','жареный рис',206,'0');
INSERT INTO ITEM(uuid,item_name,price,type) VALUES('2ddf4d3a-ecd0-11e8-8eb2-f2801f1b9fd1','рис курица',209,'1');
INSERT INTO ITEM(uuid,item_name,price,type) VALUES('2ddf4e66-ecd0-11e8-8eb2-f2801f1b9fd1','грибы биряне',203,'0');
INSERT INTO ITEM(uuid,item_name,price,type) VALUES('2ddf4f88-ecd0-11e8-8eb2-f2801f1b9fd1','курица биряне',245,'1');
INSERT INTO ITEM(uuid,item_name,price,type) VALUES('2ddf50aa-ecd0-11e8-8eb2-f2801f1b9fd1','паста',270,'0');
INSERT INTO ITEM(uuid,item_name,price,type) VALUES('2ddf53f2-ecd0-11e8-8eb2-f2801f1b9fd1','3 куриных крыла',250,'1');
INSERT INTO ITEM(uuid,item_name,price,type) VALUES('2ddf5546-ecd0-11e8-8eb2-f2801f1b9fd1','чикен рол',150,'1');
INSERT INTO ITEM(uuid,item_name,price,type) VALUES('2ddf567c-ecd0-11e8-8eb2-f2801f1b9fd1','острые оливки',300,'0');
INSERT INTO ITEM(uuid,item_name,price,type) VALUES('2ddf57a8-ecd0-11e8-8eb2-f2801f1b9fd1','дризлы',140,'0');
INSERT INTO ITEM(uuid,item_name,price,type) VALUES('2ddf58ca-ecd0-11e8-8eb2-f2801f1b9fd1','красный перец',50,'0');
INSERT INTO ITEM(uuid,item_name,price,type) VALUES('2ddf59f6-ecd0-11e8-8eb2-f2801f1b9fd1','кукуруза',270,'0');
INSERT INTO ITEM(uuid,item_name,price,type) VALUES('2ddf5e9c-ecd0-11e8-8eb2-f2801f1b9fd1','пери-пери чикен',280,'1');
INSERT INTO ITEM(uuid,item_name,price,type) VALUES('2ddf6022-ecd0-11e8-8eb2-f2801f1b9fd1','винг роулет',190,'1');
INSERT INTO ITEM(uuid,item_name,price,type) VALUES('2ddf6158-ecd0-11e8-8eb2-f2801f1b9fd1','куриная бабочка',180,'1');
INSERT INTO ITEM(uuid,item_name,price,type) VALUES('2ddf6284-ecd0-11e8-8eb2-f2801f1b9fd1','эспетада',210,'1');
INSERT INTO ITEM(uuid,item_name,price,type) VALUES('2ddf63b0-ecd0-11e8-8eb2-f2801f1b9fd1','эспетада карнавал',204,'1');
INSERT INTO ITEM(uuid,item_name,price,type) VALUES('2ddf64dc-ecd0-11e8-8eb2-f2801f1b9fd1','острый рис',206,'0');
INSERT INTO ITEM(uuid,item_name,price,type) VALUES('2ddf65fe-ecd0-11e8-8eb2-f2801f1b9fd1','жареные куриные тендеры',209,'1');
INSERT INTO ITEM(uuid,item_name,price,type) VALUES('2ddf6a5e-ecd0-11e8-8eb2-f2801f1b9fd1','гриль 0',203,'0');
INSERT INTO ITEM(uuid,item_name,price,type) VALUES('d715446a-f936-435b-b578-17234f9a013e','португальский салат',245,'0');
INSERT INTO ITEM(uuid,item_name,price,type) VALUES('2e67cb4a-72af-43aa-b57a-d99d7419e023','медитеранин салат',245,'0');
INSERT INTO ITEM(uuid,item_name,price,type) VALUES('d3892993-5b5a-40f0-a024-0d1b142adbaf','салат цезарь',245,'0');
INSERT INTO ITEM(uuid,item_name,price,type) VALUES('f55086f7-b51e-4044-b258-b7b96c4b7f42','катаплана алгар',245,'0');
INSERT INTO ITEM(uuid,item_name,price,type) VALUES('e23700a3-cd04-4736-8212-96d9cc07f322','чикер врэп',245,'1');
INSERT INTO ITEM(uuid,item_name,price,type) VALUES('22a7ff2c-f9a3-4c68-a690-6f031fb6db64','гарлик хлеб',270,'0');



INSERT INTO CATEGORY(uuid,category_name) VALUES('2ddf5546-ecd0-11e8-8eb2-f2801f1b9fd1','Итальянская кухня');
INSERT INTO CATEGORY(uuid,category_name) VALUES('2ddf567c-ecd0-11e8-8eb2-f2801f1b9fd1','Индийская кухня');
INSERT INTO CATEGORY(uuid,category_name) VALUES('2ddf57a8-ecd0-11e8-8eb2-f2801f1b9fd1','Легкая закуска');
INSERT INTO CATEGORY(uuid,category_name) VALUES('2ddf58ca-ecd0-11e8-8eb2-f2801f1b9fd1','Напитки');
INSERT INTO CATEGORY(uuid,category_name) VALUES('2ddf59f6-ecd0-11e8-8eb2-f2801f1b9fd1','Сладкие блюда');
INSERT INTO CATEGORY(uuid,category_name) VALUES('2ddf5e9c-ecd0-11e8-8eb2-f2801f1b9fd1','Китайская кухня');
INSERT INTO CATEGORY(uuid,category_name) VALUES('2ddf6158-ecd0-11e8-8eb2-f2801f1b9fd1','Континентальная кухня');


INSERT INTO category_item(item_id,category_id) VALUES(1,1);
INSERT INTO category_item(item_id,category_id) VALUES(2,1);
INSERT INTO category_item(item_id,category_id) VALUES(1,7);
INSERT INTO category_item(item_id,category_id) VALUES(2,7);
INSERT INTO category_item(item_id,category_id) VALUES(3,2);
INSERT INTO category_item(item_id,category_id) VALUES(4,2);
INSERT INTO category_item(item_id,category_id) VALUES(5,2);
INSERT INTO category_item(item_id,category_id) VALUES(6,4);
INSERT INTO category_item(item_id,category_id) VALUES(7,4);
INSERT INTO category_item(item_id,category_id) VALUES(8,4);
INSERT INTO category_item(item_id,category_id) VALUES(9,5);
INSERT INTO category_item(item_id,category_id) VALUES(10,5);
INSERT INTO category_item(item_id,category_id) VALUES(11,4);
INSERT INTO category_item(item_id,category_id) VALUES(12,2);
INSERT INTO category_item(item_id,category_id) VALUES(13,2);
INSERT INTO category_item(item_id,category_id) VALUES(14,2);
INSERT INTO category_item(item_id,category_id) VALUES(15,2);
INSERT INTO category_item(item_id,category_id) VALUES(16,4);
INSERT INTO category_item(item_id,category_id) VALUES(17,2);
INSERT INTO category_item(item_id,category_id) VALUES(18,2);
INSERT INTO category_item(item_id,category_id) VALUES(19,4);
INSERT INTO category_item(item_id,category_id) VALUES(20,2);
INSERT INTO category_item(item_id,category_id) VALUES(21,2);
INSERT INTO category_item(item_id,category_id) VALUES(22,2);
INSERT INTO category_item(item_id,category_id) VALUES(23,2);
INSERT INTO category_item(item_id,category_id) VALUES(24,2);
INSERT INTO category_item(item_id,category_id) VALUES(25,6);
INSERT INTO category_item(item_id,category_id) VALUES(26,6);
INSERT INTO category_item(item_id,category_id) VALUES(27,6);
INSERT INTO category_item(item_id,category_id) VALUES(28,6);
INSERT INTO category_item(item_id,category_id) VALUES(29,2);
INSERT INTO category_item(item_id,category_id) VALUES(30,2);
INSERT INTO category_item(item_id,category_id) VALUES(31,1);
INSERT INTO category_item(item_id,category_id) VALUES(32,3);
INSERT INTO category_item(item_id,category_id) VALUES(33,3);
INSERT INTO category_item(item_id,category_id) VALUES(34,3);
INSERT INTO category_item(item_id,category_id) VALUES(35,3);
INSERT INTO category_item(item_id,category_id) VALUES(36,3);
INSERT INTO category_item(item_id,category_id) VALUES(37,3);
INSERT INTO category_item(item_id,category_id) VALUES(38,2);
INSERT INTO category_item(item_id,category_id) VALUES(39,6);
INSERT INTO category_item(item_id,category_id) VALUES(40,7);
INSERT INTO category_item(item_id,category_id) VALUES(41,6);
INSERT INTO category_item(item_id,category_id) VALUES(42,7);
INSERT INTO category_item(item_id,category_id) VALUES(43,7);
INSERT INTO category_item(item_id,category_id) VALUES(44,7);
INSERT INTO category_item(item_id,category_id) VALUES(45,7);
INSERT INTO category_item(item_id,category_id) VALUES(46,3);
INSERT INTO category_item(item_id,category_id) VALUES(47,1);
INSERT INTO category_item(item_id,category_id) VALUES(48,3);
INSERT INTO category_item(item_id,category_id) VALUES(49,2);
INSERT INTO category_item(item_id,category_id) VALUES(50,2);
INSERT INTO category_item(item_id,category_id) VALUES(51,2);
INSERT INTO category_item(item_id,category_id) VALUES(52,1);
INSERT INTO category_item(item_id,category_id) VALUES(53,1);
INSERT INTO category_item(item_id,category_id) VALUES(54,2);
INSERT INTO category_item(item_id,category_id) VALUES(55,2);
INSERT INTO category_item(item_id,category_id) VALUES(56,2);
INSERT INTO category_item(item_id,category_id) VALUES(57,2);
INSERT INTO category_item(item_id,category_id) VALUES(58,2);
INSERT INTO category_item(item_id,category_id) VALUES(59,2);
INSERT INTO category_item(item_id,category_id) VALUES(60,2);
INSERT INTO category_item(item_id,category_id) VALUES(61,6);
INSERT INTO category_item(item_id,category_id) VALUES(62,6);
INSERT INTO category_item(item_id,category_id) VALUES(63,6);
INSERT INTO category_item(item_id,category_id) VALUES(64,6);
INSERT INTO category_item(item_id,category_id) VALUES(65,2);
INSERT INTO category_item(item_id,category_id) VALUES(66,2);
INSERT INTO category_item(item_id,category_id) VALUES(67,1);
INSERT INTO category_item(item_id,category_id) VALUES(68,3);
INSERT INTO category_item(item_id,category_id) VALUES(69,3);
INSERT INTO category_item(item_id,category_id) VALUES(70,3);
INSERT INTO category_item(item_id,category_id) VALUES(71,3);
INSERT INTO category_item(item_id,category_id) VALUES(72,3);
INSERT INTO category_item(item_id,category_id) VALUES(73,3);
INSERT INTO category_item(item_id,category_id) VALUES(74,5);
INSERT INTO category_item(item_id,category_id) VALUES(75,6);
INSERT INTO category_item(item_id,category_id) VALUES(76,5);
INSERT INTO category_item(item_id,category_id) VALUES(77,6);
INSERT INTO category_item(item_id,category_id) VALUES(78,7);
INSERT INTO category_item(item_id,category_id) VALUES(79,7);
INSERT INTO category_item(item_id,category_id) VALUES(80,7);
INSERT INTO category_item(item_id,category_id) VALUES(81,7);
INSERT INTO category_item(item_id,category_id) VALUES(82,3);
INSERT INTO category_item(item_id,category_id) VALUES(83,2);
INSERT INTO category_item(item_id,category_id) VALUES(84,3);
INSERT INTO category_item(item_id,category_id) VALUES(85,2);
INSERT INTO category_item(item_id,category_id) VALUES(86,2);
INSERT INTO category_item(item_id,category_id) VALUES(87,2);
INSERT INTO category_item(item_id,category_id) VALUES(88,2);
INSERT INTO category_item(item_id,category_id) VALUES(89,3);
INSERT INTO category_item(item_id,category_id) VALUES(90,2);
INSERT INTO category_item(item_id,category_id) VALUES(91,2);
INSERT INTO category_item(item_id,category_id) VALUES(92,3);
INSERT INTO category_item(item_id,category_id) VALUES(93,2);
INSERT INTO category_item(item_id,category_id) VALUES(94,2);
INSERT INTO category_item(item_id,category_id) VALUES(95,2);
INSERT INTO category_item(item_id,category_id) VALUES(96,2);
INSERT INTO category_item(item_id,category_id) VALUES(97,2);
INSERT INTO category_item(item_id,category_id) VALUES(98,6);
INSERT INTO category_item(item_id,category_id) VALUES(99,6);
INSERT INTO category_item(item_id,category_id) VALUES(100,6);
INSERT INTO category_item(item_id,category_id) VALUES(101,6);
INSERT INTO category_item(item_id,category_id) VALUES(102,2);
INSERT INTO category_item(item_id,category_id) VALUES(61,7);
INSERT INTO category_item(item_id,category_id) VALUES(62,7);
INSERT INTO category_item(item_id,category_id) VALUES(63,1);
INSERT INTO category_item(item_id,category_id) VALUES(64,2);
INSERT INTO category_item(item_id,category_id) VALUES(65,3);
INSERT INTO category_item(item_id,category_id) VALUES(66,1);
INSERT INTO category_item(item_id,category_id) VALUES(67,3);
INSERT INTO category_item(item_id,category_id) VALUES(68,7);
INSERT INTO category_item(item_id,category_id) VALUES(69,2);
INSERT INTO category_item(item_id,category_id) VALUES(70,1);
INSERT INTO category_item(item_id,category_id) VALUES(71,2);
INSERT INTO category_item(item_id,category_id) VALUES(72,7);
INSERT INTO category_item(item_id,category_id) VALUES(73,2);
INSERT INTO category_item(item_id,category_id) VALUES(74,1);
INSERT INTO category_item(item_id,category_id) VALUES(75,7);
INSERT INTO category_item(item_id,category_id) VALUES(76,7);
INSERT INTO category_item(item_id,category_id) VALUES(77,1);
INSERT INTO category_item(item_id,category_id) VALUES(78,2);
INSERT INTO category_item(item_id,category_id) VALUES(79,3);
INSERT INTO category_item(item_id,category_id) VALUES(80,1);
INSERT INTO category_item(item_id,category_id) VALUES(82,1);
INSERT INTO category_item(item_id,category_id) VALUES(83,7);
INSERT INTO category_item(item_id,category_id) VALUES(84,1);
INSERT INTO category_item(item_id,category_id) VALUES(85,3);
INSERT INTO category_item(item_id,category_id) VALUES(86,7);
INSERT INTO category_item(item_id,category_id) VALUES(87,1);
INSERT INTO category_item(item_id,category_id) VALUES(88,3);
INSERT INTO category_item(item_id,category_id) VALUES(89,7);
INSERT INTO category_item(item_id,category_id) VALUES(90,1);
INSERT INTO category_item(item_id,category_id) VALUES(91,3);
INSERT INTO category_item(item_id,category_id) VALUES(92,1);
INSERT INTO category_item(item_id,category_id) VALUES(93,3);
INSERT INTO category_item(item_id,category_id) VALUES(94,7);
INSERT INTO category_item(item_id,category_id) VALUES(95,7);
INSERT INTO category_item(item_id,category_id) VALUES(96,7);
INSERT INTO category_item(item_id,category_id) VALUES(97,7);
INSERT INTO category_item(item_id,category_id) VALUES(98,1);
INSERT INTO category_item(item_id,category_id) VALUES(99,7);
INSERT INTO category_item(item_id,category_id) VALUES(100,1);
INSERT INTO category_item(item_id,category_id) VALUES(101,7);
INSERT INTO category_item(item_id,category_id) VALUES(22,7);
INSERT INTO category_item(item_id,category_id) VALUES(26,7);
INSERT INTO category_item(item_id,category_id) VALUES(101,2);
INSERT INTO category_item(item_id,category_id) VALUES(102,7);


INSERT INTO COUPON(uuid,coupon_name,percent) VALUES('2ddf6284-ecd0-11e8-8eb2-f2801f1b9fd1','NEW30',30);
INSERT INTO COUPON(uuid,coupon_name,percent) VALUES('2ddf64dc-ecd0-11e8-8eb2-f2801f1b9fd1','BEST20',20);
INSERT INTO COUPON(uuid,coupon_name,percent) VALUES('2ddf65fe-ecd0-11e8-8eb2-f2801f1b9fd1','FLAT50',50);
INSERT INTO COUPON(uuid,coupon_name,percent) VALUES('2ddf6a5e-ecd0-11e8-8eb2-f2801f1b9fd1','FLAT30',30);

INSERT INTO PAYMENT(uuid,payment_name) VALUES('2ddf6a5e-ecd0-11e8-8eb2-f2801f1b9fd1','Оплата при доставке');
INSERT INTO PAYMENT(uuid,payment_name) VALUES('2ddf6284-ecd0-11e8-8eb2-f2801f1b9fd1','Palpay');
INSERT INTO PAYMENT(uuid,payment_name) VALUES('2ddf63b0-ecd0-11e8-8eb2-f2801f1b9fd1','Интернет банкинг');
INSERT INTO PAYMENT(uuid,payment_name) VALUES('2ddf567c-ecd0-11e8-8eb2-f2801f1b9fd1','COD');
INSERT INTO PAYMENT(uuid,payment_name) VALUES('2ddf53f2-ecd0-11e8-8eb2-f2801f1b9fd1','Картой');


INSERT INTO RESTAURANT_CATEGORY(restaurant_id,category_id) VALUES(1,1);
INSERT INTO RESTAURANT_CATEGORY(restaurant_id,category_id) VALUES(1,2);
INSERT INTO RESTAURANT_CATEGORY(restaurant_id,category_id) VALUES(1,3);
INSERT INTO RESTAURANT_CATEGORY(restaurant_id,category_id) VALUES(1,5);
INSERT INTO RESTAURANT_CATEGORY(restaurant_id,category_id) VALUES(1,6);
INSERT INTO RESTAURANT_CATEGORY(restaurant_id,category_id) VALUES(1,7);
INSERT INTO RESTAURANT_CATEGORY(restaurant_id,category_id) VALUES(2,1);
INSERT INTO RESTAURANT_CATEGORY(restaurant_id,category_id) VALUES(2,2);
INSERT INTO RESTAURANT_CATEGORY(restaurant_id,category_id) VALUES(2,3);
INSERT INTO RESTAURANT_CATEGORY(restaurant_id,category_id) VALUES(2,4);
INSERT INTO RESTAURANT_CATEGORY(restaurant_id,category_id) VALUES(2,5);
INSERT INTO RESTAURANT_CATEGORY(restaurant_id,category_id) VALUES(2,6);
INSERT INTO RESTAURANT_CATEGORY(restaurant_id,category_id) VALUES(2,7);
INSERT INTO RESTAURANT_CATEGORY(restaurant_id,category_id) VALUES(3,1);
INSERT INTO RESTAURANT_CATEGORY(restaurant_id,category_id) VALUES(3,2);
INSERT INTO RESTAURANT_CATEGORY(restaurant_id,category_id) VALUES(3,3);
INSERT INTO RESTAURANT_CATEGORY(restaurant_id,category_id) VALUES(3,4);
INSERT INTO RESTAURANT_CATEGORY(restaurant_id,category_id) VALUES(3,6);
INSERT INTO RESTAURANT_CATEGORY(restaurant_id,category_id) VALUES(3,7);
INSERT INTO RESTAURANT_CATEGORY(restaurant_id,category_id) VALUES(4,2);
INSERT INTO RESTAURANT_CATEGORY(restaurant_id,category_id) VALUES(4,3);
INSERT INTO RESTAURANT_CATEGORY(restaurant_id,category_id) VALUES(4,4);
INSERT INTO RESTAURANT_CATEGORY(restaurant_id,category_id) VALUES(4,6);
INSERT INTO RESTAURANT_CATEGORY(restaurant_id,category_id) VALUES(4,7);
INSERT INTO RESTAURANT_CATEGORY(restaurant_id,category_id) VALUES(5,5);
INSERT INTO RESTAURANT_CATEGORY(restaurant_id,category_id) VALUES(5,6);
INSERT INTO RESTAURANT_CATEGORY(restaurant_id,category_id) VALUES(5,7);
INSERT INTO RESTAURANT_CATEGORY(restaurant_id,category_id) VALUES(5,1);
INSERT INTO RESTAURANT_CATEGORY(restaurant_id,category_id) VALUES(5,2);
INSERT INTO RESTAURANT_CATEGORY(restaurant_id,category_id) VALUES(5,3);
INSERT INTO RESTAURANT_CATEGORY(restaurant_id,category_id) VALUES(6,1);
INSERT INTO RESTAURANT_CATEGORY(restaurant_id,category_id) VALUES(6,2);
INSERT INTO RESTAURANT_CATEGORY(restaurant_id,category_id) VALUES(6,3);
INSERT INTO RESTAURANT_CATEGORY(restaurant_id,category_id) VALUES(6,6);
INSERT INTO RESTAURANT_CATEGORY(restaurant_id,category_id) VALUES(6,7);
INSERT INTO RESTAURANT_CATEGORY(restaurant_id,category_id) VALUES(7,1);
INSERT INTO RESTAURANT_CATEGORY(restaurant_id,category_id) VALUES(7,2);
INSERT INTO RESTAURANT_CATEGORY(restaurant_id,category_id) VALUES(7,3);
INSERT INTO RESTAURANT_CATEGORY(restaurant_id,category_id) VALUES(7,5);
INSERT INTO RESTAURANT_CATEGORY(restaurant_id,category_id) VALUES(7,6);
INSERT INTO RESTAURANT_CATEGORY(restaurant_id,category_id) VALUES(7,7);
INSERT INTO RESTAURANT_CATEGORY(restaurant_id,category_id) VALUES(8,2);
INSERT INTO RESTAURANT_CATEGORY(restaurant_id,category_id) VALUES(8,3);
INSERT INTO RESTAURANT_CATEGORY(restaurant_id,category_id) VALUES(8,1);
INSERT INTO RESTAURANT_CATEGORY(restaurant_id,category_id) VALUES(8,6);
INSERT INTO RESTAURANT_CATEGORY(restaurant_id,category_id) VALUES(8,7);


INSERT INTO RESTAURANT_ITEM(item_id,restaurant_id) VALUES(1,1);
INSERT INTO RESTAURANT_ITEM(item_id,restaurant_id) VALUES(2,2);
INSERT INTO RESTAURANT_ITEM(item_id,restaurant_id) VALUES(3,3);
INSERT INTO RESTAURANT_ITEM(item_id,restaurant_id) VALUES(4,4);
INSERT INTO RESTAURANT_ITEM(item_id,restaurant_id) VALUES(5,1);
INSERT INTO RESTAURANT_ITEM(item_id,restaurant_id) VALUES(6,2);
INSERT INTO RESTAURANT_ITEM(item_id,restaurant_id) VALUES(7,3);
INSERT INTO RESTAURANT_ITEM(item_id,restaurant_id) VALUES(8,4);
INSERT INTO RESTAURANT_ITEM(item_id,restaurant_id) VALUES(9,1);
INSERT INTO RESTAURANT_ITEM(item_id,restaurant_id) VALUES(10,2);
INSERT INTO RESTAURANT_ITEM(item_id,restaurant_id) VALUES(11,3);
INSERT INTO RESTAURANT_ITEM(item_id,restaurant_id) VALUES(12,4);
INSERT INTO RESTAURANT_ITEM(item_id,restaurant_id) VALUES(13,1);
INSERT INTO RESTAURANT_ITEM(item_id,restaurant_id) VALUES(14,2);
INSERT INTO RESTAURANT_ITEM(item_id,restaurant_id) VALUES(15,3);
INSERT INTO RESTAURANT_ITEM(item_id,restaurant_id) VALUES(16,4);
INSERT INTO RESTAURANT_ITEM(item_id,restaurant_id) VALUES(17,1);
INSERT INTO RESTAURANT_ITEM(item_id,restaurant_id) VALUES(18,2);
INSERT INTO RESTAURANT_ITEM(item_id,restaurant_id) VALUES(19,3);
INSERT INTO RESTAURANT_ITEM(item_id,restaurant_id) VALUES(20,4);
INSERT INTO RESTAURANT_ITEM(item_id,restaurant_id) VALUES(21,1);
INSERT INTO RESTAURANT_ITEM(item_id,restaurant_id) VALUES(22,2);
INSERT INTO RESTAURANT_ITEM(item_id,restaurant_id) VALUES(23,3);
INSERT INTO RESTAURANT_ITEM(item_id,restaurant_id) VALUES(24,4);
INSERT INTO RESTAURANT_ITEM(item_id,restaurant_id) VALUES(25,1);
INSERT INTO RESTAURANT_ITEM(item_id,restaurant_id) VALUES(26,2);
INSERT INTO RESTAURANT_ITEM(item_id,restaurant_id) VALUES(27,3);
INSERT INTO RESTAURANT_ITEM(item_id,restaurant_id) VALUES(28,4);
INSERT INTO RESTAURANT_ITEM(item_id,restaurant_id) VALUES(29,1);
INSERT INTO RESTAURANT_ITEM(item_id,restaurant_id) VALUES(30,2);
INSERT INTO RESTAURANT_ITEM(item_id,restaurant_id) VALUES(31,3);
INSERT INTO RESTAURANT_ITEM(item_id,restaurant_id) VALUES(32,4);
INSERT INTO RESTAURANT_ITEM(item_id,restaurant_id) VALUES(33,1);
INSERT INTO RESTAURANT_ITEM(item_id,restaurant_id) VALUES(34,2);
INSERT INTO RESTAURANT_ITEM(item_id,restaurant_id) VALUES(35,3);
INSERT INTO RESTAURANT_ITEM(item_id,restaurant_id) VALUES(36,4);
INSERT INTO RESTAURANT_ITEM(item_id,restaurant_id) VALUES(37,1);
INSERT INTO RESTAURANT_ITEM(item_id,restaurant_id) VALUES(38,2);
INSERT INTO RESTAURANT_ITEM(item_id,restaurant_id) VALUES(39,3);
INSERT INTO RESTAURANT_ITEM(item_id,restaurant_id) VALUES(40,4);
INSERT INTO RESTAURANT_ITEM(item_id,restaurant_id) VALUES(41,1);
INSERT INTO RESTAURANT_ITEM(item_id,restaurant_id) VALUES(42,2);
INSERT INTO RESTAURANT_ITEM(item_id,restaurant_id) VALUES(43,3);
INSERT INTO RESTAURANT_ITEM(item_id,restaurant_id) VALUES(44,4);
INSERT INTO RESTAURANT_ITEM(item_id,restaurant_id) VALUES(45,1);
INSERT INTO RESTAURANT_ITEM(item_id,restaurant_id) VALUES(46,2);
INSERT INTO RESTAURANT_ITEM(item_id,restaurant_id) VALUES(47,3);
INSERT INTO RESTAURANT_ITEM(item_id,restaurant_id) VALUES(48,4);
INSERT INTO RESTAURANT_ITEM(item_id,restaurant_id) VALUES(49,1);
INSERT INTO RESTAURANT_ITEM(item_id,restaurant_id) VALUES(50,2);
INSERT INTO RESTAURANT_ITEM(item_id,restaurant_id) VALUES(51,3);
INSERT INTO RESTAURANT_ITEM(item_id,restaurant_id) VALUES(52,5);
INSERT INTO RESTAURANT_ITEM(item_id,restaurant_id) VALUES(53,6);
INSERT INTO RESTAURANT_ITEM(item_id,restaurant_id) VALUES(54,7);
INSERT INTO RESTAURANT_ITEM(item_id,restaurant_id) VALUES(55,8);
INSERT INTO RESTAURANT_ITEM(item_id,restaurant_id) VALUES(56,5);
INSERT INTO RESTAURANT_ITEM(item_id,restaurant_id) VALUES(57,6);
INSERT INTO RESTAURANT_ITEM(item_id,restaurant_id) VALUES(58,7);
INSERT INTO RESTAURANT_ITEM(item_id,restaurant_id) VALUES(59,8);
INSERT INTO RESTAURANT_ITEM(item_id,restaurant_id) VALUES(60,5);
INSERT INTO RESTAURANT_ITEM(item_id,restaurant_id) VALUES(61,6);
INSERT INTO RESTAURANT_ITEM(item_id,restaurant_id) VALUES(62,7);
INSERT INTO RESTAURANT_ITEM(item_id,restaurant_id) VALUES(63,8);
INSERT INTO RESTAURANT_ITEM(item_id,restaurant_id) VALUES(64,5);
INSERT INTO RESTAURANT_ITEM(item_id,restaurant_id) VALUES(65,6);
INSERT INTO RESTAURANT_ITEM(item_id,restaurant_id) VALUES(66,7);
INSERT INTO RESTAURANT_ITEM(item_id,restaurant_id) VALUES(67,8);
INSERT INTO RESTAURANT_ITEM(item_id,restaurant_id) VALUES(68,5);
INSERT INTO RESTAURANT_ITEM(item_id,restaurant_id) VALUES(69,6);
INSERT INTO RESTAURANT_ITEM(item_id,restaurant_id) VALUES(70,7);
INSERT INTO RESTAURANT_ITEM(item_id,restaurant_id) VALUES(71,8);
INSERT INTO RESTAURANT_ITEM(item_id,restaurant_id) VALUES(72,5);
INSERT INTO RESTAURANT_ITEM(item_id,restaurant_id) VALUES(73,6);
INSERT INTO RESTAURANT_ITEM(item_id,restaurant_id) VALUES(74,7);
INSERT INTO RESTAURANT_ITEM(item_id,restaurant_id) VALUES(75,8);
INSERT INTO RESTAURANT_ITEM(item_id,restaurant_id) VALUES(76,5);
INSERT INTO RESTAURANT_ITEM(item_id,restaurant_id) VALUES(77,6);
INSERT INTO RESTAURANT_ITEM(item_id,restaurant_id) VALUES(78,7);
INSERT INTO RESTAURANT_ITEM(item_id,restaurant_id) VALUES(79,8);
INSERT INTO RESTAURANT_ITEM(item_id,restaurant_id) VALUES(80,5);
INSERT INTO RESTAURANT_ITEM(item_id,restaurant_id) VALUES(81,6);
INSERT INTO RESTAURANT_ITEM(item_id,restaurant_id) VALUES(82,7);
INSERT INTO RESTAURANT_ITEM(item_id,restaurant_id) VALUES(83,8);
INSERT INTO RESTAURANT_ITEM(item_id,restaurant_id) VALUES(84,5);
INSERT INTO RESTAURANT_ITEM(item_id,restaurant_id) VALUES(85,6);
INSERT INTO RESTAURANT_ITEM(item_id,restaurant_id) VALUES(86,7);
INSERT INTO RESTAURANT_ITEM(item_id,restaurant_id) VALUES(87,8);
INSERT INTO RESTAURANT_ITEM(item_id,restaurant_id) VALUES(88,5);
INSERT INTO RESTAURANT_ITEM(item_id,restaurant_id) VALUES(89,6);
INSERT INTO RESTAURANT_ITEM(item_id,restaurant_id) VALUES(90,7);
INSERT INTO RESTAURANT_ITEM(item_id,restaurant_id) VALUES(91,8);
INSERT INTO RESTAURANT_ITEM(item_id,restaurant_id) VALUES(92,5);
INSERT INTO RESTAURANT_ITEM(item_id,restaurant_id) VALUES(93,6);
INSERT INTO RESTAURANT_ITEM(item_id,restaurant_id) VALUES(94,7);
INSERT INTO RESTAURANT_ITEM(item_id,restaurant_id) VALUES(95,8);
INSERT INTO RESTAURANT_ITEM(item_id,restaurant_id) VALUES(96,5);
INSERT INTO RESTAURANT_ITEM(item_id,restaurant_id) VALUES(97,6);
INSERT INTO RESTAURANT_ITEM(item_id,restaurant_id) VALUES(98,7);
INSERT INTO RESTAURANT_ITEM(item_id,restaurant_id) VALUES(99,8);
INSERT INTO RESTAURANT_ITEM(item_id,restaurant_id) VALUES(100,5);
INSERT INTO RESTAURANT_ITEM(item_id,restaurant_id) VALUES(101,6);
INSERT INTO RESTAURANT_ITEM(item_id,restaurant_id) VALUES(102,7);
